Brand and model;Year of manufacture;Mileage;Engine power (hp);Fuel type;Transmission type;Trim level / Equipment line;Vehicle condition;Origin;Energy consumption;Power output (kW);Category / Vehicle type;Engine displacement (cc);Price (EUR);Color;Air conditioning / Climate control;Transmission;Number of doors;Number of seats;Drive type;Interior equipment / Interior design;Accident history;Number of previous owners;Maintenance / service history;Inspection status (TÜV/HU);Sale price;Region / city;Listing duration;Seller type;Dealer rating;Body & paint;Panel gaps & fit;Windows & lights;Tires & wheels;Undercarriage & edges;Seats & upholstery;Dashboard & controls;Headliner & carpets;Trunk;Odor;Extras
BMW 3 Series;2013;114835;141;petrol;manual;Limited;acceptable;dealer;7.5;105.1;Sedan;1600;31067;black;manual AC;manual;4;5;front-wheel;leather;Minor accident;2;No service history;Valid TÜV/HU;31067;Berlin;<7 days;Dealer;2.8;Fair;Uneven;Clear;Damaged;Clean;Torn;Worn;Sagging;Rust;Smoke;Alloy wheels, Panoramic roof, Lane-keeping assist, Rearview camera, Park assist, Trailer hitch
Skoda Fabia;2012;166151;135;diesel;manual;Base;acceptable;private;8.0;100.7;SUV;2000;18722;blue;automatic climate control;manual;4;5;front-wheel;part-leather;Minor accident;4;Unknown;Unknown;18722;Leipzig;7-30 days;Private;;Good;Slightly uneven;Cracked or yellowed;Uneven wear;Oil stains;Torn;Good;Sagging;Clean;Moisture;Panoramic roof
BMW X3;2016;168960;196;petrol;automatic;Sport;good;trade-in;4.9;146.2;SUV;3500;15427;red;automatic climate control;automatic;5;4;front-wheel;alcantara;Accident-free;3;Unknown;Expiring soon;15427;Hamburg;<7 days;Dealer;2.7;Poor;Uneven;Minor scratches;Even wear;Minor rust;Worn;Worn;Minor stains;Minor stains;Pet odor;Panoramic roof, Alloy wheels, Lane-keeping assist, Rearview camera
BMW 5 Series;2008;117128;122;petrol;manual;Comfort;very good;import;5.5;91.0;SUV;2000;15479;white;automatic climate control;manual;4;5;front-wheel;alcantara;Accident-free;1;Unknown;Unknown;15479;Frankfurt;7-30 days;Private;;Excellent;Even;Minor scratches;Damaged;Water damage;Worn;Excellent;Clean;Rust;Smoke;Alloy wheels, Lane-keeping assist
Skoda Octavia;2015;102098;60;petrol;automatic;Comfort;good;dealer;5.6;44.7;Convertible;1000;1500;red;automatic climate control;automatic;4;5;all-wheel;part-leather;Unknown;3;Full service history;Unknown;1500;Berlin;>6 months;Dealer;4.3;Fair;Even;Minor scratches;Damaged;Oil stains;Excellent;Good;Clean;Rust;Moisture;Lane-keeping assist, Trailer hitch, Alloy wheels, Park assist, Panoramic roof, Rearview camera
Audi Q3;2009;61885;89;diesel;automatic;Limited;good;trade-in;6.3;66.4;Hatchback;1200;26399;beige;dual-zone climate control;automatic;3;4;front-wheel;leather;Accident-free;1;Full service history;Expiring soon;26399;Cologne;3-6 months;Private;;Good;Uneven;Cracked or yellowed;Even wear;Oil stains;Worn;Good;Moisture damage;Moisture;Moisture;Trailer hitch, Alloy wheels, Panoramic roof, Lane-keeping assist
Opel Insignia;2007;44598;65;petrol;manual;Premium;very good;dealer;7.9;48.5;Sedan;1600;42519;beige;no AC;manual;5;5;front-wheel;leather;Major accident;4;Full service history;Expired;42519;Cologne;<7 days;Private;;Fair;Uneven;Cracked or yellowed;New;Water damage;Worn;Good;Clean;Rust;Smoke;Alloy wheels, Trailer hitch, Panoramic roof, Park assist
Renault Clio;2013;78711;154;diesel;automatic;Base;acceptable;import;8.7;114.8;Convertible;1998;2053;grey;automatic climate control;automatic;4;5;all-wheel;synthetic;Minor accident;1;Full service history;Expiring soon;2053;Berlin;3-6 months;Private;;Poor;Even;Minor scratches;Even wear;Water damage;Torn;Excellent;Minor stains;Minor stains;Moisture;Panoramic roof, Trailer hitch, Alloy wheels, Rearview camera, Park assist
Volkswagen Tiguan;2020;62780;156;petrol;automatic;Excellence;acceptable;private;4.8;116.3;Convertible;1400;5886;white;manual AC;automatic;5;5;all-wheel;synthetic;Unknown;5;No service history;Expired;5886;Stuttgart;>6 months;Private;;Good;Even;Minor scratches;Uneven wear;Minor rust;Worn;Worn;Minor stains;Rust;Moisture;Lane-keeping assist, Trailer hitch, Alloy wheels
Audi A4;2020;108784;113;petrol;automatic;Premium;good;private;9.1;84.3;Wagon;1998;17916;grey;no AC;automatic;4;5;front-wheel;synthetic;Major accident;1;Unknown;Unknown;17916;Cologne;7-30 days;Private;;Excellent;Slightly uneven;Cracked or yellowed;New;Oil stains;Torn;Worn;Moisture damage;Minor stains;Smoke;Trailer hitch, Lane-keeping assist, Alloy wheels, Park assist, Panoramic roof, Rearview camera
Renault Clio;2012;59914;261;petrol;automatic;Premium;very good;private;4.5;194.6;Van;2200;21811;black;automatic climate control;automatic;3;4;front-wheel;synthetic;Minor accident;1;Partial service history;Expiring soon;21811;Berlin;<7 days;Private;;Fair;Uneven;Minor scratches;New;Minor rust;Excellent;Good;Moisture damage;Rust;Pet odor;Rearview camera, Lane-keeping assist, Trailer hitch, Alloy wheels, Park assist
Mercedes-Benz GLA;2020;37114;199;diesel;manual;Premium;good;private;8.4;148.4;Wagon;2200;4908;green;automatic climate control;manual;3;5;front-wheel;part-leather;Accident-free;5;Partial service history;Valid TÜV/HU;4908;Hamburg;3-6 months;Dealer;2.6;Poor;Slightly uneven;Clear;Uneven wear;Clean;Excellent;Worn;Clean;Moisture;Moisture;Alloy wheels, Trailer hitch, Panoramic roof
Renault Captur;2006;100443;60;petrol;manual;Excellence;acceptable;private;5.5;44.7;Convertible;1000;3405;brown;automatic climate control;manual;4;5;front-wheel;cloth;Minor accident;5;Unknown;Expired;3405;Frankfurt;<7 days;Private;;Good;Uneven;Minor scratches;Uneven wear;Minor rust;Excellent;Worn;Sagging;Minor stains;Smoke;Alloy wheels, Panoramic roof, Trailer hitch, Lane-keeping assist
Renault Captur;2008;99843;194;diesel;automatic;Base;needs work;private;5.3;144.7;Coupe;2000;24399;brown;automatic climate control;automatic;5;5;front-wheel;cloth;Major accident;1;Unknown;Valid TÜV/HU;24399;Hamburg;7-30 days;Private;;Fair;Even;Clear;Uneven wear;Water damage;Good;Scratched;Sagging;Moisture;Moisture;Alloy wheels, Trailer hitch, Park assist, Rearview camera
Opel Corsa;2019;84217;131;petrol;manual;Excellence;good;trade-in;5.3;97.7;SUV;1800;1500;grey;manual AC;manual;4;5;rear-wheel;cloth;Major accident;2;Full service history;Valid TÜV/HU;1500;Leipzig;1-3 months;Dealer;2.8;Fair;Uneven;Clear;Uneven wear;Oil stains;Good;Good;Minor stains;Rust;Smoke;Alloy wheels, Trailer hitch, Lane-keeping assist
Volkswagen Polo;2021;54007;122;petrol;manual;Base;acceptable;dealer;7.5;91.0;Van;1998;36799;grey;dual-zone climate control;manual;4;5;front-wheel;synthetic;Unknown;5;Unknown;Expiring soon;36799;Frankfurt;>6 months;Dealer;4.6;Poor;Uneven;Cracked or yellowed;Uneven wear;Clean;Excellent;Excellent;Minor stains;Minor stains;Smoke;Trailer hitch, Panoramic roof
Volkswagen Golf;2018;107180;60;hybrid;automatic;Limited;very good;import;4.4;44.7;Van;1400;26537;blue;dual-zone climate control;automatic;4;5;front-wheel;part-leather;Accident-free;2;Unknown;Valid TÜV/HU;26537;Leipzig;<7 days;Private;;Good;Uneven;Minor scratches;Damaged;Clean;Torn;Worn;Clean;Rust;Moisture;Park assist, Rearview camera, Alloy wheels, Panoramic roof, Trailer hitch, Lane-keeping assist
Hyundai i10;2008;70745;109;diesel;automatic;Trendline;needs work;dealer;8.9;81.3;SUV;1400;30563;blue;automatic climate control;automatic;4;5;front-wheel;synthetic;Accident-free;5;Full service history;Valid TÜV/HU;30563;Leipzig;<7 days;Private;;Poor;Even;Clear;Damaged;Oil stains;Torn;Scratched;Moisture damage;Rust;None;Alloy wheels, Trailer hitch, Rearview camera, Lane-keeping assist, Panoramic roof
Volkswagen Tiguan;2008;141549;205;petrol;manual;Limited;good;import;5.9;152.9;Hatchback;2200;10250;red;automatic climate control;manual;4;5;front-wheel;alcantara;Accident-free;2;Unknown;Expiring soon;10250;Frankfurt;<7 days;Dealer;4.2;Poor;Uneven;Cracked or yellowed;Damaged;Water damage;Good;Good;Moisture damage;Moisture;Smoke;Rearview camera, Park assist
Volkswagen Golf;2018;74539;169;petrol;automatic;Trendline;good;import;5.3;126.0;Coupe;2500;35657;beige;dual-zone climate control;automatic;4;5;all-wheel;leather;Accident-free;4;Full service history;Expiring soon;35657;Frankfurt;<7 days;Dealer;4.1;Excellent;Slightly uneven;Cracked or yellowed;New;Minor rust;Excellent;Scratched;Moisture damage;Minor stains;Smoke;Park assist, Rearview camera, Lane-keeping assist, Alloy wheels, Trailer hitch, Panoramic roof
Skoda Octavia;2016;66041;138;diesel;automatic;Base;very good;dealer;9.0;102.9;Hatchback;1998;6511;grey;manual AC;automatic;4;5;all-wheel;synthetic;Minor accident;3;Partial service history;Expiring soon;6511;Düsseldorf;1-3 months;Private;;Excellent;Uneven;Cracked or yellowed;Even wear;Water damage;Torn;Excellent;Sagging;Rust;Moisture;Panoramic roof, Alloy wheels, Rearview camera, Trailer hitch, Lane-keeping assist
Audi A4;2010;30189;198;hybrid;automatic;Limited;needs work;trade-in;5.8;147.6;Wagon;2200;40987;grey;no AC;automatic;4;5;front-wheel;cloth;Minor accident;5;Unknown;Expiring soon;40987;Frankfurt;1-3 months;Dealer;3.9;Excellent;Uneven;Minor scratches;Damaged;Minor rust;Torn;Good;Sagging;Minor stains;Moisture;Park assist, Panoramic roof, Lane-keeping assist, Alloy wheels, Trailer hitch
Renault Clio;2011;86399;210;petrol;manual;Excellence;very good;dealer;7.8;156.6;Coupe;3000;27062;red;no AC;manual;5;7;front-wheel;synthetic;Accident-free;3;Unknown;Valid TÜV/HU;27062;Munich;7-30 days;Dealer;2.7;Good;Slightly uneven;Minor scratches;New;Minor rust;Good;Excellent;Moisture damage;Minor stains;Smoke;Rearview camera, Trailer hitch, Lane-keeping assist
Opel Insignia;2022;57744;171;hybrid;automatic;Comfort;very good;import;3.1;127.5;Convertible;2500;43532;green;no AC;automatic;5;5;rear-wheel;synthetic;Major accident;4;Unknown;Expired;43532;Stuttgart;1-3 months;Private;;Poor;Slightly uneven;Clear;Damaged;Oil stains;Good;Worn;Sagging;Rust;None;Rearview camera, Alloy wheels, Park assist, Trailer hitch
BMW X5;2023;88208;243;petrol;manual;Base;good;private;6.3;181.2;Sedan;2200;1500;red;no AC;manual;4;5;all-wheel;synthetic;Unknown;3;Partial service history;Expiring soon;1500;Cologne;7-30 days;Private;;Good;Slightly uneven;Cracked or yellowed;Uneven wear;Oil stains;Torn;Scratched;Moisture damage;Minor stains;Moisture;Rearview camera
Ford Mondeo;2015;131095;155;diesel;automatic;Trendline;good;trade-in;7.9;115.6;Hatchback;2000;17813;blue;dual-zone climate control;automatic;4;2;front-wheel;part-leather;Unknown;2;Full service history;Valid TÜV/HU;17813;Munich;<7 days;Dealer;3.0;Good;Uneven;Clear;New;Minor rust;Excellent;Good;Moisture damage;Moisture;None;Alloy wheels, Trailer hitch, Panoramic roof, Lane-keeping assist
Hyundai i10;2015;94588;60;petrol;manual;Premium;good;private;7.8;44.7;SUV;1600;18924;beige;no AC;manual;3;7;front-wheel;alcantara;Unknown;1;Full service history;Unknown;18924;Berlin;<7 days;Private;;Fair;Even;Cracked or yellowed;Damaged;Minor rust;Excellent;Excellent;Minor stains;Minor stains;Smoke;Trailer hitch, Lane-keeping assist, Alloy wheels, Rearview camera
Mercedes-Benz E-Class;2009;107855;238;petrol;manual;Premium;acceptable;dealer;6.8;177.5;Van;2000;14744;grey;dual-zone climate control;manual;4;5;rear-wheel;cloth;Unknown;1;No service history;Unknown;14744;Leipzig;>6 months;Dealer;4.7;Good;Slightly uneven;Cracked or yellowed;New;Clean;Excellent;Scratched;Moisture damage;Rust;Pet odor;None
BMW X5;2012;49575;119;hybrid;manual;Sport;like new;private;6.2;88.7;Sedan;1600;34815;brown;automatic climate control;manual;5;5;all-wheel;synthetic;Accident-free;2;Full service history;Unknown;34815;Düsseldorf;1-3 months;Dealer;4.6;Excellent;Even;Clear;Damaged;Oil stains;Excellent;Excellent;Sagging;Clean;Smoke;Lane-keeping assist, Park assist, Rearview camera, Alloy wheels, Trailer hitch, Panoramic roof
Toyota Yaris;2024;106437;118;petrol;manual;Sport;acceptable;trade-in;6.8;88.0;Wagon;1998;29185;grey;no AC;manual;5;5;rear-wheel;alcantara;Accident-free;3;Partial service history;Expiring soon;29185;Düsseldorf;>6 months;Private;;Poor;Uneven;Clear;New;Oil stains;Excellent;Excellent;Moisture damage;Minor stains;None;Trailer hitch, Alloy wheels
Renault Clio;2014;94853;208;petrol;automatic;Premium;very good;private;5.7;155.1;Van;2200;12171;silver;automatic climate control;automatic;3;5;front-wheel;part-leather;Unknown;3;Full service history;Expired;12171;Leipzig;3-6 months;Dealer;4.6;Poor;Slightly uneven;Clear;Damaged;Clean;Worn;Good;Clean;Clean;Moisture;Panoramic roof
Volkswagen Passat;2018;73616;126;hybrid;automatic;Limited;new;trade-in;4.7;94.0;SUV;2000;1510;blue;dual-zone climate control;automatic;5;7;front-wheel;synthetic;Minor accident;4;No service history;Expired;1510;Munich;<7 days;Dealer;4.6;Poor;Slightly uneven;Minor scratches;New;Minor rust;Excellent;Good;Moisture damage;Rust;Pet odor;None
Hyundai i30;2020;104806;165;petrol;automatic;Sport;good;trade-in;8.1;123.0;Wagon;2200;22071;brown;automatic climate control;automatic;5;5;all-wheel;synthetic;Accident-free;1;No service history;Valid TÜV/HU;22071;Cologne;3-6 months;Dealer;2.7;Poor;Slightly uneven;Clear;Even wear;Minor rust;Torn;Good;Minor stains;Moisture;Moisture;Panoramic roof, Rearview camera
Hyundai i10;2005;78270;65;diesel;automatic;Sport;very good;import;6.4;48.5;Hatchback;1000;16110;brown;no AC;automatic;4;5;front-wheel;part-leather;Accident-free;2;Unknown;Expired;16110;Düsseldorf;1-3 months;Private;;Excellent;Slightly uneven;Minor scratches;Even wear;Water damage;Good;Scratched;Clean;Minor stains;Moisture;None
Ford Focus;2020;72864;101;diesel;automatic;Comfort;very good;dealer;8.4;75.3;Van;1400;19742;black;manual AC;automatic;5;5;front-wheel;leather;Unknown;3;Unknown;Expired;19742;Leipzig;1-3 months;Private;;Good;Slightly uneven;Minor scratches;Even wear;Water damage;Worn;Good;Moisture damage;Moisture;Moisture;Alloy wheels, Panoramic roof, Rearview camera, Trailer hitch, Lane-keeping assist
Mercedes-Benz E-Class;2020;110202;263;diesel;automatic;Limited;very good;import;5.3;196.1;Convertible;2000;24444;white;automatic climate control;automatic;5;5;front-wheel;alcantara;Major accident;4;No service history;Valid TÜV/HU;24444;Frankfurt;>6 months;Dealer;3.4;Excellent;Uneven;Minor scratches;Even wear;Water damage;Worn;Excellent;Moisture damage;Rust;Smoke;Lane-keeping assist, Rearview camera, Alloy wheels, Panoramic roof, Park assist
Hyundai i10;2017;102877;145;hybrid;automatic;Premium;good;private;3.4;108.1;Wagon;2000;1500;blue;manual AC;automatic;5;5;front-wheel;synthetic;Unknown;4;Full service history;Unknown;1500;Leipzig;>6 months;Private;;Poor;Uneven;Clear;Uneven wear;Clean;Excellent;Good;Sagging;Minor stains;None;Alloy wheels, Panoramic roof, Lane-keeping assist, Rearview camera
Opel Insignia;2016;88674;153;diesel;automatic;Excellence;good;trade-in;5.0;114.1;SUV;1400;56485;brown;automatic climate control;automatic;4;5;all-wheel;alcantara;Accident-free;1;Full service history;Expired;56485;Frankfurt;>6 months;Dealer;3.4;Fair;Slightly uneven;Minor scratches;Even wear;Oil stains;Excellent;Scratched;Clean;Moisture;Pet odor;None
Hyundai i10;2020;80381;168;petrol;manual;Comfort;good;private;8.7;125.3;Sedan;3000;21514;blue;dual-zone climate control;manual;4;5;rear-wheel;part-leather;Accident-free;2;No service history;Expired;21514;Cologne;3-6 months;Dealer;4.4;Poor;Slightly uneven;Minor scratches;New;Water damage;Torn;Worn;Clean;Moisture;None;Alloy wheels, Park assist, Trailer hitch, Rearview camera, Panoramic roof, Lane-keeping assist
Toyota Corolla;2020;31566;218;petrol;automatic;Excellence;very good;import;8.9;162.6;Van;2500;32527;blue;manual AC;automatic;4;5;front-wheel;part-leather;Minor accident;5;Partial service history;Expiring soon;32527;Cologne;>6 months;Private;;Poor;Even;Minor scratches;Even wear;Minor rust;Torn;Scratched;Clean;Minor stains;Pet odor;Panoramic roof, Alloy wheels, Park assist, Lane-keeping assist
Renault Captur;2012;129551;95;diesel;automatic;Excellence;new;import;5.6;70.8;Van;1600;41639;grey;no AC;automatic;4;5;front-wheel;alcantara;Minor accident;2;No service history;Valid TÜV/HU;41639;Munich;>6 months;Dealer;4.3;Fair;Even;Minor scratches;New;Oil stains;Torn;Worn;Moisture damage;Rust;None;Lane-keeping assist, Panoramic roof
Opel Insignia;2022;19907;185;petrol;automatic;Comfort;very good;dealer;8.1;138.0;SUV;2500;52666;white;automatic climate control;automatic;4;5;front-wheel;synthetic;Minor accident;3;Full service history;Expiring soon;52666;Cologne;<7 days;Dealer;4.6;Excellent;Even;Minor scratches;Even wear;Water damage;Torn;Good;Moisture damage;Rust;Smoke;Alloy wheels, Trailer hitch, Rearview camera
Skoda Kodiaq;2014;40473;116;hybrid;automatic;Comfort;very good;dealer;5.5;86.5;Hatchback;1400;23395;blue;manual AC;automatic;5;5;rear-wheel;leather;Minor accident;4;No service history;Expiring soon;23395;Hamburg;1-3 months;Private;;Excellent;Slightly uneven;Clear;Damaged;Minor rust;Good;Scratched;Moisture damage;Rust;Pet odor;Alloy wheels, Panoramic roof, Trailer hitch
Renault Clio;2005;64826;60;petrol;automatic;Trendline;needs work;import;9.2;44.7;Coupe;1400;22959;white;manual AC;automatic;4;5;rear-wheel;cloth;Minor accident;1;Full service history;Expiring soon;22959;Stuttgart;<7 days;Private;;Good;Uneven;Minor scratches;Even wear;Water damage;Torn;Excellent;Clean;Moisture;Moisture;Park assist, Panoramic roof, Rearview camera, Trailer hitch
Audi A4;2023;36884;178;petrol;automatic;Premium;acceptable;private;8.4;132.7;Coupe;2500;9128;brown;dual-zone climate control;automatic;4;5;front-wheel;synthetic;Accident-free;2;No service history;Valid TÜV/HU;9128;Leipzig;1-3 months;Private;;Excellent;Slightly uneven;Clear;Even wear;Minor rust;Worn;Scratched;Minor stains;Minor stains;Smoke;Rearview camera, Park assist, Lane-keeping assist, Panoramic roof, Alloy wheels, Trailer hitch
Hyundai i30;2024;167496;103;hybrid;automatic;Trendline;very good;dealer;3.5;76.8;Hatchback;1400;17491;beige;manual AC;automatic;4;5;rear-wheel;part-leather;Major accident;3;No service history;Expired;17491;Munich;7-30 days;Private;;Excellent;Slightly uneven;Cracked or yellowed;Even wear;Minor rust;Good;Good;Sagging;Minor stains;Pet odor;Rearview camera, Trailer hitch, Lane-keeping assist
Ford Focus;2012;130675;76;diesel;manual;Sport;very good;private;9.1;56.7;Wagon;1400;25184;grey;dual-zone climate control;manual;4;5;front-wheel;alcantara;Unknown;4;Unknown;Valid TÜV/HU;25184;Munich;3-6 months;Private;;Fair;Slightly uneven;Minor scratches;Uneven wear;Clean;Excellent;Scratched;Sagging;Clean;Pet odor;Panoramic roof
Audi A3;2006;155357;60;diesel;automatic;Excellence;good;import;6.7;44.7;Coupe;1200;24584;blue;dual-zone climate control;automatic;5;5;front-wheel;cloth;Minor accident;4;No service history;Expired;24584;Stuttgart;1-3 months;Dealer;4.2;Poor;Slightly uneven;Cracked or yellowed;New;Clean;Excellent;Scratched;Clean;Clean;Smoke;Panoramic roof, Park assist, Alloy wheels
Hyundai i30;2018;102994;196;diesel;automatic;Trendline;needs work;dealer;9.5;146.2;Van;2500;4682;blue;manual AC;automatic;5;5;front-wheel;part-leather;Minor accident;2;No service history;Expiring soon;4682;Stuttgart;<7 days;Private;;Fair;Even;Minor scratches;Even wear;Clean;Torn;Worn;Minor stains;Rust;None;Park assist, Alloy wheels, Rearview camera, Panoramic roof, Trailer hitch
Ford Fiesta;2023;23977;181;diesel;automatic;Base;good;trade-in;6.2;135.0;Van;3000;26157;white;automatic climate control;automatic;4;5;front-wheel;part-leather;Minor accident;5;Partial service history;Unknown;26157;Berlin;<7 days;Private;;Excellent;Slightly uneven;Cracked or yellowed;Even wear;Water damage;Excellent;Good;Moisture damage;Clean;None;None
Skoda Octavia;2019;102524;170;petrol;automatic;Excellence;good;dealer;7.8;126.8;Convertible;2000;12479;brown;dual-zone climate control;automatic;3;5;rear-wheel;part-leather;Major accident;3;No service history;Expiring soon;12479;Düsseldorf;7-30 days;Dealer;3.5;Excellent;Uneven;Cracked or yellowed;Even wear;Water damage;Worn;Good;Minor stains;Rust;Pet odor;Rearview camera, Park assist, Trailer hitch, Panoramic roof, Lane-keeping assist, Alloy wheels
Renault Clio;2011;101612;167;diesel;manual;Sport;acceptable;trade-in;5.1;124.5;Van;2500;11999;grey;automatic climate control;manual;4;2;front-wheel;leather;Major accident;4;No service history;Expiring soon;11999;Frankfurt;1-3 months;Dealer;3.7;Fair;Uneven;Clear;Uneven wear;Minor rust;Good;Scratched;Sagging;Clean;Smoke;Panoramic roof, Park assist, Rearview camera
BMW X5;2008;183288;178;petrol;manual;Premium;good;trade-in;8.7;132.7;Coupe;2200;5321;grey;dual-zone climate control;manual;4;5;all-wheel;synthetic;Unknown;5;Full service history;Valid TÜV/HU;5321;Cologne;1-3 months;Dealer;4.5;Poor;Slightly uneven;Cracked or yellowed;Even wear;Water damage;Excellent;Excellent;Clean;Clean;Moisture;Park assist
Audi A3;2013;122827;91;petrol;manual;Comfort;acceptable;import;8.1;67.9;Wagon;1600;33019;brown;automatic climate control;manual;4;5;front-wheel;synthetic;Accident-free;4;No service history;Unknown;33019;Düsseldorf;3-6 months;Dealer;2.6;Good;Slightly uneven;Clear;Uneven wear;Clean;Good;Good;Sagging;Rust;None;Alloy wheels, Panoramic roof
Opel Corsa;2015;147929;100;electric;automatic;Sport;very good;trade-in;15.3;74.6;Van;1600;35487;brown;dual-zone climate control;automatic;4;5;all-wheel;leather;Minor accident;1;Partial service history;Valid TÜV/HU;35487;Düsseldorf;<7 days;Private;;Excellent;Slightly uneven;Cracked or yellowed;Even wear;Clean;Excellent;Good;Clean;Minor stains;Pet odor;Trailer hitch, Alloy wheels
Renault Clio;2009;110639;199;electric;automatic;Base;acceptable;trade-in;15.7;148.4;Coupe;3500;48555;black;automatic climate control;automatic;4;5;front-wheel;part-leather;Major accident;2;No service history;Expiring soon;48555;Stuttgart;<7 days;Dealer;2.7;Poor;Slightly uneven;Cracked or yellowed;New;Oil stains;Excellent;Scratched;Moisture damage;Moisture;None;Trailer hitch, Rearview camera, Lane-keeping assist
Ford Kuga;2024;77730;104;diesel;manual;Excellence;good;trade-in;9.3;77.6;Van;2000;9546;brown;manual AC;manual;4;5;rear-wheel;alcantara;Minor accident;3;Full service history;Valid TÜV/HU;9546;Frankfurt;>6 months;Dealer;2.7;Excellent;Even;Clear;Damaged;Oil stains;Torn;Good;Minor stains;Clean;Pet odor;Lane-keeping assist
Mercedes-Benz C-Class;2018;49209;145;diesel;manual;Base;good;import;9.0;108.1;Sedan;1400;26776;red;manual AC;manual;4;5;front-wheel;synthetic;Minor accident;4;No service history;Expired;26776;Munich;>6 months;Private;;Excellent;Uneven;Cracked or yellowed;New;Minor rust;Good;Excellent;Moisture damage;Clean;Pet odor;Lane-keeping assist, Alloy wheels, Trailer hitch, Park assist, Rearview camera, Panoramic roof
Opel Insignia;2010;103834;199;petrol;manual;Sport;good;private;7.0;148.4;Convertible;2200;22182;silver;automatic climate control;manual;4;5;front-wheel;cloth;Major accident;2;No service history;Expired;22182;Frankfurt;3-6 months;Private;;Poor;Even;Cracked or yellowed;Even wear;Minor rust;Excellent;Scratched;Clean;Minor stains;Moisture;Alloy wheels, Park assist, Lane-keeping assist, Trailer hitch, Rearview camera
Renault Mégane;2022;162676;134;petrol;manual;Premium;very good;trade-in;8.0;99.9;Coupe;1600;60082;blue;automatic climate control;manual;5;5;front-wheel;part-leather;Major accident;1;Partial service history;Expiring soon;60082;Düsseldorf;3-6 months;Dealer;4.1;Fair;Even;Clear;Even wear;Water damage;Worn;Scratched;Clean;Clean;Smoke;Panoramic roof, Park assist, Trailer hitch, Rearview camera, Alloy wheels
Hyundai Tucson;2023;121283;98;electric;automatic;Excellence;good;import;15.1;73.1;Wagon;1400;7007;black;dual-zone climate control;automatic;5;5;all-wheel;leather;Minor accident;3;No service history;Expired;7007;Düsseldorf;1-3 months;Private;;Poor;Slightly uneven;Clear;New;Minor rust;Good;Excellent;Minor stains;Clean;Smoke;Panoramic roof, Lane-keeping assist, Alloy wheels
Hyundai Tucson;2012;114123;136;diesel;manual;Limited;acceptable;private;7.6;101.4;Van;1600;31996;black;no AC;manual;5;4;front-wheel;leather;Accident-free;5;No service history;Expiring soon;31996;Leipzig;1-3 months;Private;;Fair;Even;Clear;Even wear;Oil stains;Excellent;Good;Sagging;Minor stains;None;Rearview camera, Lane-keeping assist, Panoramic roof, Trailer hitch, Park assist
BMW X3;2015;113661;145;petrol;automatic;Premium;acceptable;import;7.2;108.1;SUV;2000;10144;silver;no AC;automatic;5;5;all-wheel;alcantara;Major accident;3;Partial service history;Valid TÜV/HU;10144;Düsseldorf;3-6 months;Dealer;4.9;Poor;Even;Clear;New;Clean;Excellent;Good;Minor stains;Minor stains;Pet odor;Alloy wheels, Park assist
Toyota Corolla;2019;14257;123;petrol;manual;Excellence;good;trade-in;9.3;91.7;Wagon;1400;33989;beige;no AC;manual;3;5;front-wheel;cloth;Major accident;1;Full service history;Valid TÜV/HU;33989;Frankfurt;3-6 months;Dealer;4.2;Fair;Even;Clear;Damaged;Clean;Good;Scratched;Moisture damage;Rust;None;Alloy wheels, Panoramic roof, Rearview camera
Renault Mégane;2013;100704;75;hybrid;manual;Base;good;trade-in;3.1;55.9;Convertible;1600;24424;red;automatic climate control;manual;4;5;front-wheel;alcantara;Major accident;2;Partial service history;Expired;24424;Stuttgart;3-6 months;Dealer;2.6;Good;Uneven;Minor scratches;Damaged;Water damage;Torn;Excellent;Clean;Moisture;Pet odor;Panoramic roof
Opel Astra;2009;109265;96;hybrid;automatic;Sport;very good;private;6.1;71.6;Hatchback;1000;24152;green;dual-zone climate control;automatic;4;5;rear-wheel;synthetic;Minor accident;5;Partial service history;Valid TÜV/HU;24152;Düsseldorf;1-3 months;Private;;Poor;Slightly uneven;Cracked or yellowed;Uneven wear;Water damage;Worn;Good;Clean;Moisture;Smoke;None
Opel Insignia;2009;92910;81;diesel;manual;Premium;good;import;4.7;60.4;SUV;1600;27009;grey;dual-zone climate control;manual;4;5;front-wheel;alcantara;Major accident;1;Unknown;Expired;27009;Frankfurt;7-30 days;Dealer;3.7;Good;Slightly uneven;Cracked or yellowed;New;Minor rust;Torn;Worn;Minor stains;Minor stains;Smoke;Lane-keeping assist, Alloy wheels, Park assist, Trailer hitch
Skoda Kodiaq;2016;118039;214;petrol;automatic;Base;needs work;trade-in;5.0;159.6;Hatchback;2000;36753;black;manual AC;automatic;5;5;front-wheel;synthetic;Major accident;5;Partial service history;Expiring soon;36753;Leipzig;>6 months;Private;;Good;Slightly uneven;Clear;New;Clean;Good;Good;Clean;Rust;None;Trailer hitch, Rearview camera
Mercedes-Benz C-Class;2022;21116;93;diesel;manual;Trendline;good;private;8.4;69.4;Convertible;1200;29210;black;no AC;manual;5;5;front-wheel;alcantara;Minor accident;3;Partial service history;Expired;29210;Berlin;<7 days;Dealer;4.5;Good;Even;Cracked or yellowed;Uneven wear;Clean;Worn;Scratched;Clean;Moisture;Moisture;Rearview camera, Alloy wheels
Audi A3;2005;115689;180;petrol;manual;Trendline;good;dealer;5.4;134.2;Sedan;2200;75938;silver;dual-zone climate control;manual;4;5;front-wheel;alcantara;Unknown;4;No service history;Expiring soon;75938;Cologne;7-30 days;Dealer;4.1;Fair;Uneven;Cracked or yellowed;Uneven wear;Minor rust;Good;Excellent;Moisture damage;Clean;Smoke;Lane-keeping assist, Trailer hitch, Rearview camera, Alloy wheels
Skoda Kodiaq;2008;118544;218;diesel;manual;Base;acceptable;import;6.8;162.6;Sedan;3000;35356;black;dual-zone climate control;manual;5;5;front-wheel;part-leather;Accident-free;4;Partial service history;Expired;35356;Munich;7-30 days;Private;;Fair;Even;Cracked or yellowed;New;Oil stains;Torn;Excellent;Sagging;Minor stains;Smoke;Park assist, Lane-keeping assist, Trailer hitch, Alloy wheels, Panoramic roof
BMW 3 Series;2015;122569;131;petrol;automatic;Premium;good;import;6.4;97.7;Convertible;1998;32625;beige;no AC;automatic;4;5;front-wheel;cloth;Accident-free;4;Unknown;Unknown;32625;Hamburg;3-6 months;Private;;Poor;Slightly uneven;Cracked or yellowed;Damaged;Clean;Torn;Good;Minor stains;Rust;None;Park assist, Lane-keeping assist, Alloy wheels, Rearview camera, Trailer hitch, Panoramic roof
Skoda Kodiaq;2011;51358;135;petrol;automatic;Comfort;acceptable;trade-in;6.6;100.7;Sedan;2000;15204;red;dual-zone climate control;automatic;4;5;all-wheel;part-leather;Accident-free;3;Partial service history;Unknown;15204;Hamburg;<7 days;Dealer;3.9;Poor;Uneven;Clear;Damaged;Minor rust;Torn;Good;Clean;Clean;Moisture;Rearview camera
BMW 3 Series;2007;94093;288;petrol;manual;Comfort;acceptable;dealer;7.4;214.8;Convertible;2000;1500;beige;no AC;manual;4;5;all-wheel;part-leather;Unknown;5;No service history;Expired;1500;Stuttgart;7-30 days;Dealer;4.4;Poor;Uneven;Cracked or yellowed;Damaged;Minor rust;Excellent;Worn;Clean;Rust;None;Alloy wheels, Trailer hitch
Volkswagen Tiguan;2024;124313;60;petrol;automatic;Trendline;very good;trade-in;5.6;44.7;Sedan;1400;15392;red;no AC;automatic;4;5;front-wheel;part-leather;Unknown;2;Full service history;Valid TÜV/HU;15392;Frankfurt;7-30 days;Private;;Excellent;Slightly uneven;Clear;Uneven wear;Water damage;Torn;Scratched;Sagging;Clean;Pet odor;Lane-keeping assist
Skoda Kodiaq;2024;144447;153;petrol;manual;Excellence;good;dealer;5.4;114.1;Van;1998;6911;blue;no AC;manual;4;5;front-wheel;part-leather;Unknown;3;Partial service history;Unknown;6911;Berlin;1-3 months;Private;;Poor;Slightly uneven;Clear;Uneven wear;Clean;Good;Excellent;Clean;Moisture;Pet odor;Trailer hitch, Rearview camera, Park assist, Alloy wheels, Lane-keeping assist, Panoramic roof
BMW 5 Series;2005;54234;190;diesel;automatic;Sport;good;private;6.4;141.7;Van;2000;11774;red;manual AC;automatic;5;5;all-wheel;cloth;Minor accident;4;No service history;Valid TÜV/HU;11774;Düsseldorf;<7 days;Dealer;3.9;Poor;Even;Clear;Even wear;Minor rust;Good;Excellent;Moisture damage;Clean;Pet odor;Alloy wheels
BMW X3;2019;100822;152;petrol;automatic;Comfort;very good;dealer;6.2;113.3;Sedan;2000;12877;blue;dual-zone climate control;automatic;4;5;front-wheel;synthetic;Minor accident;5;No service history;Expired;12877;Munich;<7 days;Private;;Poor;Uneven;Minor scratches;Uneven wear;Water damage;Excellent;Scratched;Clean;Rust;Smoke;Trailer hitch
Volkswagen Golf;2011;197197;188;hybrid;manual;Excellence;very good;import;3.4;140.2;Coupe;2500;1500;green;automatic climate control;manual;4;5;front-wheel;synthetic;Accident-free;1;Full service history;Expired;1500;Cologne;3-6 months;Private;;Poor;Uneven;Minor scratches;Damaged;Clean;Good;Worn;Moisture damage;Minor stains;Pet odor;None
Toyota Corolla;2017;99322;110;petrol;automatic;Base;acceptable;trade-in;7.4;82.0;Van;1400;33934;green;no AC;automatic;4;4;front-wheel;synthetic;Unknown;3;Partial service history;Valid TÜV/HU;33934;Leipzig;1-3 months;Private;;Excellent;Slightly uneven;Minor scratches;Uneven wear;Oil stains;Torn;Excellent;Minor stains;Minor stains;Moisture;Panoramic roof, Lane-keeping assist, Trailer hitch, Alloy wheels, Rearview camera
Renault Captur;2016;50373;143;petrol;automatic;Sport;good;dealer;6.5;106.6;SUV;1400;29069;red;automatic climate control;automatic;4;5;front-wheel;cloth;Accident-free;2;Unknown;Expiring soon;29069;Düsseldorf;3-6 months;Private;;Excellent;Uneven;Clear;New;Oil stains;Torn;Good;Clean;Minor stains;Smoke;Rearview camera, Park assist, Alloy wheels, Trailer hitch, Panoramic roof, Lane-keeping assist
Skoda Kodiaq;2011;133287;77;petrol;manual;Limited;acceptable;private;5.0;57.4;SUV;1400;17316;grey;automatic climate control;manual;4;5;rear-wheel;leather;Major accident;2;No service history;Expired;17316;Leipzig;>6 months;Private;;Excellent;Uneven;Clear;Even wear;Oil stains;Torn;Scratched;Minor stains;Rust;Moisture;Rearview camera, Lane-keeping assist
Renault Mégane;2023;66252;110;petrol;manual;Premium;good;import;8.8;82.0;Van;1998;46716;red;automatic climate control;manual;4;5;rear-wheel;alcantara;Accident-free;3;Full service history;Unknown;46716;Berlin;7-30 days;Dealer;5.0;Good;Uneven;Clear;Uneven wear;Water damage;Excellent;Excellent;Moisture damage;Minor stains;Smoke;Park assist, Rearview camera, Lane-keeping assist, Panoramic roof
Hyundai i30;2016;110249;74;petrol;automatic;Base;good;import;4.9;55.2;Wagon;1000;34850;white;dual-zone climate control;automatic;4;5;all-wheel;cloth;Major accident;3;Unknown;Unknown;34850;Cologne;3-6 months;Private;;Good;Slightly uneven;Minor scratches;Damaged;Clean;Excellent;Worn;Sagging;Moisture;None;Park assist, Lane-keeping assist, Trailer hitch
Renault Captur;2011;196107;211;diesel;automatic;Base;good;import;9.4;157.3;Sedan;2500;1500;beige;automatic climate control;automatic;2;5;all-wheel;synthetic;Major accident;3;No service history;Expired;1500;Frankfurt;7-30 days;Dealer;3.4;Poor;Uneven;Minor scratches;Even wear;Clean;Torn;Worn;Sagging;Rust;Pet odor;Alloy wheels, Park assist, Rearview camera
Skoda Kodiaq;2010;65788;226;petrol;automatic;Sport;acceptable;dealer;8.4;168.5;Van;2500;12092;red;manual AC;automatic;4;5;front-wheel;alcantara;Major accident;2;Unknown;Expired;12092;Stuttgart;7-30 days;Dealer;2.7;Excellent;Slightly uneven;Clear;Uneven wear;Minor rust;Worn;Excellent;Minor stains;Moisture;Smoke;Lane-keeping assist, Panoramic roof, Alloy wheels, Rearview camera, Trailer hitch
Hyundai i30;2015;112190;196;diesel;automatic;Comfort;very good;trade-in;5.1;146.2;Van;2000;9022;white;no AC;automatic;4;5;front-wheel;leather;Major accident;4;Full service history;Unknown;9022;Berlin;>6 months;Dealer;4.0;Good;Uneven;Clear;Damaged;Oil stains;Torn;Excellent;Minor stains;Minor stains;Smoke;Panoramic roof, Trailer hitch
Skoda Octavia;2018;87023;60;petrol;automatic;Trendline;good;trade-in;5.5;44.7;Hatchback;1400;7658;silver;manual AC;automatic;4;5;front-wheel;synthetic;Unknown;2;No service history;Expiring soon;7658;Munich;3-6 months;Private;;Good;Slightly uneven;Cracked or yellowed;New;Clean;Torn;Worn;Minor stains;Minor stains;Smoke;Park assist, Rearview camera, Panoramic roof
Skoda Octavia;2015;77371;75;diesel;automatic;Trendline;acceptable;private;8.1;55.9;Sedan;1200;44853;green;no AC;automatic;4;5;front-wheel;alcantara;Unknown;4;Unknown;Unknown;44853;Düsseldorf;<7 days;Dealer;2.7;Good;Uneven;Minor scratches;New;Oil stains;Good;Excellent;Clean;Minor stains;Smoke;Lane-keeping assist, Alloy wheels, Rearview camera, Park assist, Panoramic roof
Renault Clio;2022;18492;123;petrol;manual;Sport;acceptable;private;6.3;91.7;Convertible;1600;23830;brown;dual-zone climate control;manual;5;5;front-wheel;part-leather;Major accident;2;Full service history;Valid TÜV/HU;23830;Stuttgart;1-3 months;Private;;Fair;Slightly uneven;Cracked or yellowed;Even wear;Oil stains;Torn;Worn;Minor stains;Minor stains;Pet odor;None
Audi A4;2024;162063;63;hybrid;automatic;Sport;acceptable;dealer;5.5;47.0;Convertible;1200;38284;white;no AC;automatic;3;5;front-wheel;synthetic;Minor accident;2;Partial service history;Expiring soon;38284;Berlin;>6 months;Dealer;3.9;Fair;Uneven;Cracked or yellowed;New;Water damage;Worn;Excellent;Clean;Clean;None;None
Audi Q5;2007;90511;91;hybrid;manual;Base;good;trade-in;4.8;67.9;Hatchback;1200;28469;green;manual AC;manual;4;4;all-wheel;alcantara;Accident-free;4;Unknown;Unknown;28469;Munich;>6 months;Private;;Poor;Uneven;Clear;Even wear;Clean;Worn;Scratched;Clean;Moisture;Smoke;Park assist, Trailer hitch, Alloy wheels
Audi A4;2006;99952;113;hybrid;automatic;Excellence;very good;trade-in;4.6;84.3;Sedan;1800;22977;white;manual AC;automatic;4;5;front-wheel;synthetic;Major accident;1;Full service history;Unknown;22977;Frankfurt;>6 months;Dealer;4.9;Fair;Uneven;Clear;Uneven wear;Water damage;Worn;Good;Clean;Rust;Smoke;Panoramic roof, Lane-keeping assist, Rearview camera, Park assist, Trailer hitch
Skoda Fabia;2008;70734;156;petrol;automatic;Trendline;good;trade-in;4.8;116.3;Wagon;1800;31269;brown;manual AC;automatic;4;5;rear-wheel;alcantara;Accident-free;1;Unknown;Expiring soon;31269;Munich;>6 months;Dealer;4.1;Excellent;Slightly uneven;Cracked or yellowed;Even wear;Water damage;Worn;Worn;Moisture damage;Clean;None;Rearview camera, Park assist, Lane-keeping assist, Alloy wheels, Panoramic roof, Trailer hitch
Opel Astra;2024;169300;75;petrol;automatic;Limited;good;import;4.8;55.9;Convertible;1400;51862;beige;manual AC;automatic;4;5;rear-wheel;alcantara;Accident-free;1;Full service history;Valid TÜV/HU;51862;Hamburg;7-30 days;Private;;Fair;Slightly uneven;Cracked or yellowed;Uneven wear;Clean;Worn;Worn;Minor stains;Clean;Pet odor;Panoramic roof, Lane-keeping assist, Alloy wheels
Ford Focus;2016;7604;140;petrol;manual;Limited;very good;import;5.2;104.4;SUV;1400;30236;beige;no AC;manual;5;5;all-wheel;part-leather;Unknown;4;Partial service history;Valid TÜV/HU;30236;Hamburg;<7 days;Dealer;3.4;Poor;Uneven;Minor scratches;Damaged;Minor rust;Torn;Worn;Clean;Minor stains;Pet odor;Park assist, Panoramic roof, Trailer hitch
Renault Captur;2010;104049;112;petrol;manual;Sport;like new;private;4.7;83.5;Hatchback;1600;19086;black;no AC;manual;5;5;all-wheel;synthetic;Accident-free;1;No service history;Expired;19086;Berlin;>6 months;Dealer;3.3;Fair;Uneven;Cracked or yellowed;New;Water damage;Good;Scratched;Sagging;Rust;Smoke;Trailer hitch, Alloy wheels, Park assist, Panoramic roof, Lane-keeping assist, Rearview camera
Renault Mégane;2006;65349;114;petrol;manual;Base;acceptable;import;5.9;85.0;Wagon;1600;33894;red;dual-zone climate control;manual;5;5;all-wheel;part-leather;Unknown;2;Full service history;Unknown;33894;Cologne;7-30 days;Private;;Fair;Even;Cracked or yellowed;Even wear;Water damage;Torn;Good;Clean;Rust;Pet odor;Trailer hitch, Panoramic roof, Park assist, Rearview camera, Lane-keeping assist, Alloy wheels
Toyota Auris;2020;107850;108;petrol;manual;Comfort;acceptable;trade-in;4.9;80.5;Convertible;2000;34594;silver;no AC;manual;4;5;rear-wheel;alcantara;Accident-free;4;Full service history;Valid TÜV/HU;34594;Düsseldorf;3-6 months;Dealer;3.6;Excellent;Even;Cracked or yellowed;Uneven wear;Minor rust;Torn;Worn;Sagging;Clean;Smoke;Panoramic roof, Lane-keeping assist, Alloy wheels, Trailer hitch, Rearview camera, Park assist
Renault Captur;2018;105364;198;diesel;automatic;Base;acceptable;import;7.6;147.6;Coupe;2200;30814;blue;manual AC;automatic;3;5;front-wheel;leather;Accident-free;1;Partial service history;Valid TÜV/HU;30814;Cologne;1-3 months;Private;;Fair;Uneven;Clear;New;Minor rust;Torn;Good;Moisture damage;Clean;Moisture;Rearview camera, Alloy wheels, Park assist, Trailer hitch
